,Id,start_time,end_time,clip_name,frame_name,associated_text,associated_speech,associated_object,description,id,embedding,distance
3,,180,240.0,content/clips/clip_3.mp4,content/frames/frame_3.png,"The video starts with a person holding a phone in their hands. The phone is displaying a video call and the person is moving the phone around a room. The phone is then placed down on a desk.
The video then cuts to a wide shot of an office. A golden retriever walks into the shot and a person pets it.
The video then cuts to a man with glasses standing in front of a blue and white background. He is wearing a blue sweater and a watch.
The video then cuts to a man standing on a stage in front of a large screen. The screen displays the text ""Gemini 1.5 Flash"".
The video then cuts back to the man with glasses.
The video then cuts back to the man on the stage. The screen behind him displays a logo of a tree with the text ""Speed and efficiency"" and four squares with the text ""Multimodal reasoning"".
The video then cuts back to the man with glasses.
The video then cuts back to the man on the stage. The screen behind him is displaying a video of a city at night.
The video then cuts to a black screen with the text ""Veo"" in the center. Surrounding the text are six smaller videos. The videos show a city at night, a lake in the mountains, a llama, a space shuttle, a city street, and a lake.
The video then cuts back to the man on the stage.",vector IV Do you remember where you saw my glasses Yes I do Your glasses were on the desk near a red apple Uh give me a band name for this duo Golden Stripes Nice Thanks Gemini Today we're introducing Gemini 1.5 Flash Flash is a lightweight model compared to Pro It's designed to be fast and cost-efficient to serve at scale while still featuring multimodal reasoning capabilities and breakthrough long context There's one more area I'm really excited to share with you Our teams have made some incredible progress in generative video Today I'm excited to announce our newest most capable generative video model called Veo Veo creates high-quality 1080p videos from text image and ,"The video starts with a pair of hands holding a smartphone. The hands appear to belong to a light-skinned person. The hands are moving the phone around, showing different angles of a desk. The phone is on a video call with a person named Gemini. Gemini is a computer program, so we can't see them, but we can hear their voice. Gemini sounds calm and helpful. Gemini tells the user that their glasses are on the desk near a red apple. The user then laughs and puts the phone down.

The video then cuts to a different scene, this time in an office. A pair of hands enters the frame and starts petting a golden retriever dog. The hands are holding a stuffed tiger toy. The dog is looking at the camera with a neutral expression. The person holding the camera asks Gemini for a band name for the duo. Gemini suggests ""Golden Stripes"". The person thanks Gemini and the dog walks away.

The video then cuts to a man standing in front of a blue background. He is bald and wearing glasses and a blue sweater. He is speaking in a clear and concise voice. He is talking about a new product called Gemini 1.5 Flash. He explains that Flash is a lighter-weight model compared to Pro. He says that it is designed to be fast and cost-efficient to serve at scale, while still featuring multimodal reasoning capabilities and breakthrough long context.

The video then cuts to the man standing on a stage in front of a large screen. He is wearing a black shirt and gray pants. He is still speaking in a clear and concise voice. He is talking about a new generative video model called Veo. He explains that Veo creates high-quality 1080p videos from text, image, and code. The screen behind him shows a variety of images and videos, including a cityscape at night, a mountain lake, a busy street, a satellite in space, and a llama. 
","The video starts with a person holding a smartphone in their hands. The phone is in a video call with an AI assistant named Gemini. The user asks Gemini if it remembers where they saw their glasses. Gemini responds with ""Yes, I do. Your glasses were on the desk near a red apple."" The user then laughs and puts the phone down. The video then cuts to a different scene with a dog and a person. The person is petting the dog and holding a stuffed tiger toy. The person asks Gemini for a band name for the duo. Gemini responds with ""Golden Stripes."" The person thanks Gemini and the video cuts to a man standing on a stage in front of a large screen. The man is talking about a new AI model called Gemini 1.5 Flash. He says that it is a lighter-weight model compared to Pro. It's designed to be fast and cost-efficient to serve at scale, while still featuring multi-modal reasoning capabilities and breakthrough long context. The man then goes on to talk about a new generative video model called Veo. He says that Veo creates high-quality 1080p videos from text, image, and video.

**Subject Descriptions:**

**User 1:**
- Not visible in the video, only their hands are shown.
- Emotion: Seemingly amused, as they laugh at Gemini's response.
- Actions: Holds a smartphone, asks Gemini a question, laughs, puts the phone down.

**Gemini (AI Assistant):**
- Not physically present, only their voice and responses are heard through the smartphone.
- Emotion: Neutral, helpful.
- Actions: Responds to the user's questions accurately.

**User 2:**
- Not fully visible, only their hands and voice are present.
- Emotion: Playful, appreciative.
- Actions: Pets a dog, holds a stuffed tiger toy, asks Gemini a question, thanks Gemini.

**Dog:**
- Breed: Golden Retriever
- Appearance: Light golden fur, wearing a collar.
- Emotion: Calm, happy.
- Actions: Sits calmly, looks at the camera.

**Man on Stage:**
- Appearance: Bald, wearing glasses, a blue sweater, and a watch.
- Emotion: Enthusiastic, excited.
- Actions: Stands on a stage, talks about Gemini 1.5 Flash and Veo. 
",3,"[0.028424551710486412, -0.034521788358688354, -0.02942095696926117, 0.034560248255729675, 0.0336674340069294, -0.0007141521200537682, -0.013735096901655197, 0.008550995029509068, 0.0076041873544454575, 0.01612143963575363, 0.01585984230041504, 0.023637212812900543, -0.02189909853041172, 0.006410546600818634, 0.021420598030090332, -0.024663200601935387, -0.017553899437189102, -0.02761479839682579, -0.030914604663848877, -0.018279731273651123, 0.023579351603984833, -0.024863960221409798, 0.008428700268268585, -0.030576486140489578, 0.0002533861843403429, -0.012765379622578621, 0.040825147181749344, -0.05154161900281906, -0.02387004904448986, -0.00977772381156683, -0.0811125785112381, 0.04285374656319618, -0.051440637558698654, 0.0030183002818375826, 0.021707134321331978, -0.05332024022936821, 0.027373144403100014, -0.010998719371855259, -0.013681059703230858, 0.0074930451810359955, 0.02935171313583851, -0.028103670105338097, -0.020938264206051826, -0.022629134356975555, 0.03460950776934624, -0.012136567384004593, -0.03061804734170437, 0.01321790274232626, 0.020254336297512054, -0.05030994489789009, 0.030235489830374718, 0.048836562782526016, 0.05276254191994667, -0.019895698875188828, -0.01738540269434452, -0.025243712589144707, -0.01921001635491848, -0.003962493035942316, -0.005663874093443155, 0.02109101042151451, 0.002777709625661373, 0.017120594158768654, -0.041259974241256714, 0.046658582985401154, -0.010243088006973267, -0.025378862395882607, -0.025221368297934532, 0.010294154286384583, 0.027655458077788353, -0.04159839078783989, -0.011334775947034359, 5.5591579439351335e-05, 0.06926046311855316, -0.033307887613773346, -0.04999243840575218, -0.13313353061676025, -0.008334741927683353, 0.052886079996824265, 0.0432109571993351, 0.05070684105157852, -0.007782315369695425, -0.041266679763793945, -0.041130613535642624, -0.06357942521572113, -0.05386044830083847, 0.04363781213760376, -0.00375833036378026, -0.05441918596625328, -0.010968585498631, 0.03261192888021469, -0.031081728637218475, 0.03811199963092804, 0.053454089909791946, -0.07983916997909546, 0.0074196564964950085, 0.058138277381658554, 0.005555459298193455, -0.038628462702035904, -0.0038833089638501406, -0.06618162989616394, -0.01802428439259529, -0.008733822964131832, 0.0032585274893790483, 0.021974679082632065, 0.05399959534406662, 0.013748331926763058, -0.057172149419784546, 0.03237627446651459, -0.03462273254990578, 0.0407320074737072, -0.07009007036685944, -0.04821805655956268, 0.013522948138415813, -0.04636113718152046, 0.037926606833934784, -0.031014559790492058, -0.016197461634874344, 0.09028398990631104, 0.06310059875249863, 0.0077179595828056335, 0.017840884625911713, 0.023087648674845695, 0.04487090930342674, 0.01332211121916771, -0.00918286107480526, 0.05982125923037529, -0.010915872640907764, -0.002107826294377446, 0.04897155985236168, 0.04450632631778717, 0.002405257197096944, -0.05719977244734764, 0.015136596746742725, 0.028315261006355286, 0.01700766012072563, 0.07209423184394836, 0.023875027894973755, 0.002340060193091631, 0.06178254261612892, 0.010874850675463676, 0.027379155158996582, 0.028371265158057213, 0.0038869965355843306, 0.033880338072776794, 0.01897708885371685, 0.01784796454012394, -0.0168345645070076, -0.022728493437170982, 0.039219342172145844, -0.0676773190498352, -0.055796775966882706, -0.006247853394597769, -0.0815153568983078, 0.057887472212314606, 0.0304007176309824, 0.017723726108670235, -0.017425911501049995, 0.040664467960596085, 0.04199253022670746, 0.020200125873088837, 0.07207004725933075, 0.023109570145606995, 0.0017715196590870619, -0.019986920058727264, 0.020733335986733437, -0.024186359718441963, 0.0003774088982027024, -0.0054801409132778645, 0.03115428239107132, 0.023617474362254143, -0.0020440551452338696, 0.005988608114421368, -0.03689839690923691, -0.026710594072937965, -0.004975212272256613, -0.05494624003767967, 0.021397462114691734, -0.015535352751612663, -0.05316823720932007, -0.03393280506134033, -0.06284977495670319, -0.047325219959020615, 0.03201110288500786, 0.00362503994256258, 0.0599236935377121, 0.02956038899719715, 0.08176933228969574, -0.04081688076257706, -0.027056099846959114, -0.004085578490048647, -0.019098149612545967, 0.0024317114148288965, -0.01114672888070345, -0.024395208805799484, -0.03402480483055115, 0.030820613726973534, 0.02580736018717289, 0.03946230188012123, 0.041209861636161804, -0.03837898001074791, -0.019911177456378937, 0.1100844144821167, 0.007256275974214077, -0.0068241627886891365, 0.03394845500588417, 0.0023062964901328087, 0.06124315410852432, -0.00406700000166893, -0.014722747728228569, 0.02072202041745186, -0.05849151685833931, 0.00548139400780201, -0.05944480001926422, -0.006502953823655844, 0.009409574791789055, 0.012074118480086327, 0.01942601427435875, 0.03308062627911568, -0.02522718347609043, 0.020849155262112617, -0.00906077865511179, 0.0017184814205393195, -0.042066387832164764, 0.029792601242661476, -0.03286946564912796, 0.03204294666647911, -0.026506608352065086, 0.009549197740852833, 0.028187647461891174, -0.051444195210933685, -0.016682717949151993, 0.023469435051083565, 0.02913539670407772, -0.05243159830570221, 0.01740112341940403, 0.02283928357064724, -0.04093840718269348, 0.01956125907599926, 0.0547848641872406, -0.004838455468416214, -0.05000714585185051, 0.052800003439188004, 0.04197945073246956, 0.05849966034293175, -0.04534018039703369, -0.030069811269640923, -0.033717092126607895, -0.010069957002997398, -0.0429333820939064, 0.05024232715368271, 0.012175140902400017, -0.06757519394159317, -0.01838448829948902, 0.049017760902643204, -0.07809761166572571, 0.010431596077978611, -0.055343788117170334, -0.011092806234955788, 0.006652468349784613, -0.01025864016264677, 0.07604699581861496, -0.010242545045912266, 0.00859215296804905, -0.0268093291670084, -0.013247363269329071, -0.025095457211136818, 0.013541698455810547, -0.022479256615042686, -0.0016073496080935001, 0.019942058250308037, -0.02081393264234066, -0.07214273512363434, 0.004418221767991781, 0.02066810429096222, 0.010968507267534733, 0.025581764057278633, -0.04031301289796829, 0.009563119150698185, 0.05941059812903404, -0.02951114997267723, 0.06074729934334755, 0.028515251353383064, -0.009519863873720169, -0.04525312781333923, -0.01993149146437645, 0.032392822206020355, -0.015431120991706848, -0.045309435576200485, -0.03022526577115059, -0.01563355326652527, -0.03491596505045891, 0.046274006366729736, 0.0222452562302351, -0.09609536826610565, -0.047552112489938736, -0.03476136922836304, -0.014468347653746605, 0.049272652715444565, 0.05776200816035271, -0.07139211893081665, -0.0215016920119524, -0.02969486452639103, -0.02297387458384037, -0.09317788481712341, -0.030830690637230873, 0.009971418417990208, -0.015238543972373009, -0.06631624698638916, 0.0367305651307106, 0.04533340409398079, 0.0006691736052744091, -0.0003609981795307249, -0.003402730217203498, 0.008916232734918594, 0.09518473595380783, 0.04566236585378647, 0.01982053741812706, 0.00723915034905076, -0.03335512802004814, 0.029138164594769478, -0.014401006512343884, 0.02938368171453476, 0.014291664585471153, -0.020200707018375397, 0.029223663732409477, 0.07210744917392731, -0.0062877037562429905, 0.02783377841114998, -0.028812145814299583, 0.01727370359003544, -0.029991667717695236, 0.012658356688916683, -0.06375785171985626, 0.014596682041883469, 0.02152271941304207, 0.04615374282002449, -0.05749836564064026, 0.030926866456866264, -0.031035730615258217, -0.01051244605332613, 0.026939895004034042, -0.012232359498739243, -0.011264231987297535, -0.06316585093736649, 0.039708662778139114, -0.013511992059648037, -0.03899779170751572, -0.006077265832573175, 0.0875648632645607, 0.011807899922132492, 0.004508885554969311, 0.09416218847036362, -0.0050115385092794895, -0.0035474151372909546, -0.049515675753355026, -0.026911089196801186, 0.02069730870425701, -0.016514014452695847, 0.12046512961387634, -0.0643467903137207, -0.008754472248256207, -0.013703525066375732, -0.00244479370303452, 0.012505992315709591, 0.038793403655290604, 0.05016627535223961, -0.01899947226047516, 0.036639511585235596, 0.02361915074288845, 0.008508719503879547, 0.006744361482560635, -0.010783558711409569, -0.02284809574484825, -0.010140160098671913, -0.0005898289964534342, -0.0688411295413971, -0.02875133976340294, -0.03077687881886959, 0.02009858377277851, 0.0330648310482502, 0.0043481821194291115, -0.02043822966516018, 0.04621001332998276, 0.012357162311673164, 0.05530965328216553, -0.028027942404150963, 0.03057701140642166, 0.03351550176739693, -0.01379042025655508, 0.04449588805437088, 0.007726044859737158, 0.007826929911971092, 0.07853621244430542, 0.051912497729063034, 0.010758045129477978, 0.017817681655287743, -0.00918043963611126, -0.04932687059044838, 0.013340504840016365, -0.007733379490673542, -0.003296117065474391, -0.06567161530256271, 0.023149888962507248, -0.043838001787662506, 0.015604632906615734, 0.02008041739463806, 0.018729321658611298, -0.03046214021742344, -0.0388462096452713, -0.05311163142323494, 0.03192353993654251, 0.005089671816676855, 0.06098348647356033, -0.10361797362565994, -0.036757439374923706, -0.03225633502006531, 0.03260241821408272, -0.013186569325625896, -0.002285292837768793, 0.02170592173933983, 0.010801730677485466, 0.015320605598390102, -0.010382505133748055, 0.035498447716236115, -0.039159100502729416, -0.07133324444293976, -0.019794300198554993, -0.018113629892468452, 0.015332094393670559, 0.015019777230918407, 0.006989553105086088, -0.008697325363755226, 0.021159984171390533, -0.01339363306760788, -0.04187605902552605, -0.04871959611773491, 0.018658217042684555, 0.00017595244571566582, -0.005319905932992697, 0.02256421372294426, 0.03480229526758194, -0.030914776027202606, 0.02610255591571331, -0.026708053424954414, -0.061498843133449554, -0.04242423176765442, -0.009005528874695301, -0.07939861714839935, 0.04396014288067818, -0.08176983892917633, -0.051959384232759476, -0.06184282526373863, 0.0026635052636265755, -0.03406399488449097, 0.008191164582967758, -0.05682126060128212, -0.00827829260379076, -0.010110883042216301, -0.007997460663318634, -0.016639739274978638, 0.061848968267440796, 0.0007567057036794722, -0.026218023151159286, -0.07406089454889297, 0.0492992103099823, -0.015067356638610363, 0.023472828790545464, -0.027516912668943405, 0.06945239752531052, 0.03923669084906578, -0.013035165145993233, -0.03404970094561577, 0.019867271184921265, 0.016841068863868713, 0.04841287434101105, -0.0024310708977282047, -0.06697612255811691, 0.07058578729629517, -0.038561899214982986, 0.013442504219710827, -0.010298437438905239, 0.0370246060192585, 0.021498672664165497, 0.00509892962872982, -0.020690184086561203, -0.04216893017292023, -0.005985857918858528, 0.02715226076543331, -0.05157850682735443, 0.0072441063821315765, 0.021698351949453354, 0.02323056198656559, -0.015471423976123333, -0.012312225997447968, 0.0033360507804900408, 0.01254477258771658, -0.008928399533033371, 0.03807220980525017, 0.06027469411492348, -0.004250102210789919, -0.034999411553144455, -0.0010178338270634413, -0.011756256222724915, 0.007129577919840813, 0.06252007186412811, -0.06067078560590744, -0.004577067214995623, 0.01762223057448864, -0.005818251520395279, 0.0076682777144014835, -0.018103070557117462, 0.024900585412979126, 0.010225381702184677, -0.03793196380138397, 0.03507649898529053, -0.040184393525123596, 0.002484203316271305, 0.03623587265610695, 0.033665768802165985, -0.004733286332339048, 0.031176768243312836, 0.02773536927998066, -0.0717817023396492, 0.03142605349421501, -0.007847272790968418, -0.07962380349636078, -0.008698354475200176, 0.009115703403949738, -0.007975437678396702, 0.0022058042231947184, -0.036417003720998764, 0.08707685023546219, -0.05963711813092232, -0.006410917732864618, 0.029112761840224266, -0.01899085007607937, 0.029629934579133987, -0.01725010760128498, 0.018445219844579697, 0.01881069876253605, 0.03889322653412819, -0.016684111207723618, 0.018091455101966858, 0.0017642115708440542, -0.013299433514475822, 0.01984347775578499, 0.03046566992998123, -0.07368576526641846, -0.0031218163203448057, 0.0036958109121769667, 0.005229536909610033, 0.009234979748725891, -0.011514471843838692, -0.02469627931714058, 0.05932043120265007, -0.023347491398453712, -0.014078945852816105, -0.037413761019706726, 0.019442910328507423, -0.011154614388942719, 0.027439316734671593, -0.014247888699173927, -0.0028593414463102818, 0.012656192295253277, 0.035107724368572235, 0.015275568701326847, -0.013911757618188858, 0.016900109127163887, 0.01317912619560957, -0.01590418629348278, 0.02728385105729103, 0.04838693141937256, 0.01587388664484024, 0.00535018602386117, 0.03391269966959953, -0.03285356983542442, -0.037747059017419815, 0.0012144591892138124, -0.0338321290910244, 0.027630910277366638, 0.027802372351288795, -0.005532132927328348, -0.026913804933428764, 0.02614782378077507, 0.021742507815361023, 0.03872275352478027, 0.019476838409900665, -0.0568687878549099, 0.02760470099747181, -0.007972918450832367, -0.017472265288233757, 0.03573254495859146, -0.0464877225458622, -0.04264628142118454, 0.024588104337453842, 0.009748824872076511, -0.00981898419559002, -0.017940768972039223, 0.01620539464056492, 0.00493198074400425, 0.023810358718037605, -0.054871585220098495, 0.06114920601248741, -0.06167709827423096, 0.03573622927069664, 0.012050244957208633, -0.013197684660553932, -0.016407262533903122, -0.004143744707107544, 0.020026937127113342, 0.014095358550548553, -0.009730723686516285, 0.03921602666378021, -0.06052266061306, -0.034069858491420746, -0.017343057319521904, 0.043085355311632156, 0.025253333151340485, -0.024546625092625618, 0.011655849404633045, -0.009168187156319618, 0.008034778758883476, -0.02216324396431446, 0.0076410528272390366, 0.05067148059606552, 0.022950060665607452, -0.018851235508918762, -0.01645624078810215, 0.055319804698228836, 0.060509923845529556, -0.009443392045795918, 0.09962143748998642, 0.010087584145367146, -0.008020049892365932, -0.0648009330034256, 0.012947797775268555, 0.015070883557200432, 0.01455018762499094, 0.04249987378716469, -0.039620377123355865, -0.10296615958213806, 0.016371484845876694, -0.0076952725648880005, 0.016204465180635452, -0.014294419437646866, 0.058920398354530334, -0.018593087792396545, -0.12136524170637131, -0.03222327306866646, 0.01920536905527115, -0.04758743196725845, 0.037431228905916214, 0.03297748789191246, -0.061157871037721634, -0.006634808611124754, 0.033955514430999756, -0.04485186189413071, -0.10160461813211441, 0.0003922503674402833, -0.013981128111481667, -0.07423297315835953, 0.05062069743871689, -0.025435931980609894, -0.015689102932810783, -0.024767737835645676, -0.008294414728879929, -0.07697410136461258, -0.06898289173841476, -0.032967645674943924, 0.010788778774440289, -0.048148397356271744, 0.06965187191963196, 0.0054396516643464565, -0.015554227866232395, 0.05739501491189003, 0.034569866955280304, 0.00352067151106894, -0.012633299455046654, 0.03169618919491768, 0.006733130197972059, -0.012723131105303764, -0.029566098004579544, 0.00336419977247715, 0.024035632610321045, 0.005284789018332958, -0.02436603046953678, -0.00993861723691225, -0.0043308851309120655, -0.008332964032888412, -0.021007219329476357, 0.02365693636238575, -0.050532784312963486, -0.03709867224097252, -0.0205264613032341, 0.06997329741716385, 0.013836130499839783, -0.02831500582396984, -0.02236228622496128, 0.03938867151737213, 0.027252666652202606, 0.002149466425180435, 0.030118757858872414, -0.03715287521481514, 0.007516424171626568, 0.021929265931248665, 0.023271607235074043, -0.00405100267380476, -0.004676887299865484, 0.01704074814915657, 0.014584774151444435, 0.028790529817342758, -0.035428982228040695, -0.015153826214373112, 0.015671636909246445, -0.025680895894765854, 0.0013538241619244218, -0.0038175180088728666, -0.07788204401731491, -0.04728804901242256, 0.03125183284282684, 0.006433011498302221, 0.006688131485134363, 0.03080599568784237, -0.037104081362485886, -0.03502741828560829, 0.03617702051997185, -0.005923146847635508, -0.011905964463949203, -0.03122064657509327, -0.013471136800944805, 0.04434540867805481, -0.04007206857204437, -0.0060696727596223354, 0.056244563311338425, -0.0007289923960343003, 0.060479119420051575, 0.003733896417543292, 0.04197201877832413, -0.012396887876093388, -0.04567810520529747, 0.006194557528942823, 0.01041109673678875, 0.020671697333455086, 0.020631510764360428, 0.014926166273653507, -0.024777520447969437, 0.005478816572576761, -0.010678599588572979, 0.005597792565822601, -0.04261966422200203, -0.07170295715332031, -0.03185337036848068, 0.030463138595223427, 0.05049479380249977, 0.048249538987874985, -0.0637659803032875, -0.026457589119672775, 0.01723218709230423, 0.0249316543340683, 0.01860649138689041, -0.04455403983592987, -0.009180615656077862, -0.00766306696459651, 0.013355690985918045, 0.021596303209662437, 0.015604477375745773, -0.03820696845650673, 0.01576901227235794]",0.6376767754554749
4,,240,300.0,content/clips/clip_4.mp4,content/frames/frame_4.png,"The video starts with a black screen and five images in rounded rectangles with a white text ""Veo"" in the center. The text ""Unedited raw output"" is below the images.
Then, a black smartphone is shown with a text prompt on the screen.
The next shot is a computer screen with a video playing on the right side. The video shows a car driving on a highway at night.
The video is paused, and the cursor clicks on the ""Extend"" button.
The next shot is of a large crowd of people sitting in an auditorium. They are all looking up at something.
The screen then changes to a grid with three orange squares.
A man in a gray shirt and glasses is standing in front of a blue and white background. He is talking.
The background changes to a large screen with a white background and a blue border. The screen is blank.
The man is now standing on a stage in front of the screen. The screen now shows a diagram of a computer server.
The man is still talking.
The screen changes to show the word ""Trillium"" in large blue letters.
The man is now standing in front of a large screen that says ""Trillium"" on it. There is a crowd of people sitting in front of him.
The screen changes to show the text ""Delivers a 4.7x improvement in compute performance per chip over the previous generation.""
The man with glasses is talking again in front of a blue and white background.
The background changes to a large screen with a white background and a blue border. The screen shows the text ""Generative AI at the scale of human curiosity"".
A man in a blue shirt and jeans is standing on a stage in front of the screen. He is talking.
The next shot is of a large crowd of people sitting in an auditorium. They are all looking and clapping.
The screen then changes to a grid with three orange squares.
A woman in a black blazer and purple shirt is standing in front of a blue and white background. She is talking.
The background changes to a black screen with a 3D animation of a network of blue cubes.
The animation disappears, and three blue icons with text below them appear on a white background. The icons are: a clock with an arrow, a stack of three squares, and a star. The text below the icons reads: ""Real-time Information"", ""Ranking and Quality Systems"", and ""New Agentive Capabilities"".
The woman in a black blazer and purple shirt is talking again in front of a blue and white background.
The background changes to a large screen with a white background and a blue border. The screen shows the text ""Search in the Gemini era"".
The woman is now standing on a stage in front of the screen. She is talking.
The screen then changes to a grid with a blue rectangle.
The woman in a black blazer and purple shirt is talking again in front of a blue and white background.
The background changes to a white screen with the text ""Coming to over 1B people by end of year"".
The woman in a black blazer and purple shirt is talking again in front of a blue and white background.
The video ends.
","video prompts It can capture the details of your instructions in different visual and cinematic styles For 25 years we have invested in world-class technical infrastructure Today we are excited to announce the sixth generation of TPUs called Trillium Trillium delivers a 4.7x improvement in compute performance per chip over the previous generation Google Search is Generative AI at the scale of human curiosity and it's our most exciting chapter of search yet All the advancements you'll see today are made possible by a new Gemini model customized for Google Search But really sets this apart is our three unique strengths This is search in the Gemini era By the end of the year AI overviews will come to over a billion people We're making AI overviews even more helpful for your most 
","The video starts with a fast-tracking shot through a bustling dystopian sprawl with bright neon signs, flying cars and mist, night, lens flare, volumetric lighting.

Then it cuts to a large crowd of people sitting in an auditorium. They are all clapping their hands and looking at something in front of them. Most of them are smiling and appear to be happy.

Then it cuts to Sundar Pichai, CEO of Google, standing on a stage in front of a large screen. He is wearing a gray shirt and has short black hair and a beard. He is gesturing with his hands as he speaks. He appears to be excited.

Then it cuts to a man standing on a stage in front of a large screen. He is wearing a gray shirt and blue jeans. He is gesturing with his hands as he speaks. He appears to be excited.

Then it cuts back to Sundar Pichai.

Then it cuts back to the man in the gray shirt and blue jeans.

Then it cuts back to Sundar Pichai.

Then it cuts to a large crowd of people sitting in an auditorium. They are all clapping their hands and looking at something in front of them. Most of them are smiling and appear to be happy.

Then it cuts to a woman standing on a stage in front of a large screen. She is wearing a black blazer over a purple shirt. She is gesturing with her hands as she speaks. She appears to be excited.

Then it cuts back to the woman in the black blazer over a purple shirt.
","The video starts with a montage of images, including a cityscape at night, a mountain lake, a cityscape during the day, and an alpaca. The title card ""Veo"" is displayed in the center of the screen. The text ""Unedited raw output"" is displayed at the bottom of the screen.

The scene then transitions to a smartphone displaying a text prompt that reads: ""A fast-tracking shot through a bustling dystopian sprawl with bright neon signs, flying cars and mist, night, lens flare, volumetric lighting"". The text ""Create again"" is displayed below the prompt.

The scene then transitions to a computer screen displaying the same text prompt and a video player playing a video generated from the prompt. The video shows a fast-tracking shot through a futuristic city at night with bright neon signs and flying cars. The video is 40 seconds long. The text ""Extend"" is displayed below the video player.

The scene then transitions to a large audience clapping in a large auditorium.

The scene then transitions to Sundar Pichai, the CEO of Google, standing on a stage in front of a large screen. He is wearing a gray shirt and has his hands clasped in front of him. He says: ""For 25 years we have invested in world-class technical infrastructure. Today, we are excited to announce the sixth generation of TPUs called Trillium.""

The scene then transitions to a man standing on a stage in front of a large screen. He is wearing a gray shirt and blue jeans. The screen displays the word ""Trillium"" and the text ""6th generation TPUs"". He says: ""Trillium delivers a 4.7x improvement in compute performance per chip over the previous generation.""

The scene then transitions back to Sundar Pichai. He says: ""Google Search is Generative AI at the scale of human curiosity and it's our most exciting chapter of Search yet.""

The scene then transitions to a large audience clapping in an outdoor auditorium.

The scene then transitions to a woman standing in front of a blue wall. She is wearing a black blazer and a purple shirt. She says: ""All the advancements you'll see today are made possible by a new Gemini model customized for Google Search. What really sets this apart is our three unique strengths. This is Search in the Gemini era. By the end of the year AI overviews will come to over a billion people. We're making AI overviews even more helpful for your most...""

**Detailed Descriptions of Subjects:**

**Sundar Pichai:**
* **Appearance:**  Wearing a gray button-down shirt, glasses, short, dark hair, and a trimmed beard.
* **Emotion:**  Appears to be excited and enthusiastic.
* **Actions:**  Standing on a stage, gesturing with his hands while speaking.

**Man on Stage (Trillium):**
* **Appearance:** Wearing a gray button-down shirt, blue jeans, glasses, short, dark hair, and a trimmed beard.
* **Emotion:**  Appears to be confident and informative.
* **Actions:**  Standing on a stage, gesturing with his hands while speaking.

**Woman in Black Blazer:**
* **Appearance:** Wearing a black blazer, a purple shirt, shoulder-length, dark, curly hair.
* **Emotion:**  Appears to be passionate and informative.
* **Actions:**  Standing in front of a blue wall, clasping her hands in front of her while speaking.

**Audiences:**
* **Appearance:** Diverse groups of people of various ethnicities and ages.
* **Emotion:**  Appear to be engaged, excited, and impressed.
* **Actions:**  Clapping enthusiastically. 
",4,"[0.01569233275949955, -0.006282717455178499, -0.03564004972577095, 0.017128288745880127, 0.04193149879574776, 0.0054347035475075245, -0.012954612262547016, -0.0070585822686553, 0.028908338397741318, 0.039719097316265106, -0.00876678992062807, 0.02178911119699478, -0.012558494694530964, -0.006621128413826227, 0.040592391043901443, -0.012436444871127605, -0.020280281081795692, -0.018688905984163284, 0.0005836157943122089, 0.002037540078163147, -0.001729393727146089, -0.018928751349449158, 0.0028838675934821367, -0.05598493292927742, -0.02058403380215168, -0.039399467408657074, 0.013018046505749226, -0.04896146431565285, -0.008666785433888435, -0.010774624533951283, -0.08003455400466919, 0.03940786421298981, -0.04492791369557381, 0.005867667030543089, -0.02291298657655716, -0.08101647347211838, 0.01456797681748867, -0.03224276006221771, -0.011715414933860302, 0.014563215896487236, 0.0016253311187028885, -0.033996231853961945, -0.035971514880657196, 0.013122052885591984, 0.012860025279223919, -0.0233318991959095, -0.02380184270441532, 0.030978579074144363, 0.018378358334302902, -0.012604823336005211, 0.018824826925992966, 0.05208848789334297, 0.08077039569616318, -0.004969038534909487, -0.00862109288573265, -0.024533383548259735, 0.008171509020030499, -0.03328173980116844, -0.012865603901445866, 0.029051275923848152, 0.04128590598702431, -0.005105007905513048, -0.03431510925292969, 0.012514542788267136, 0.0027717615012079477, -0.06547301262617111, -0.017910180613398552, 0.0031928392127156258, 0.035705141723155975, -0.015092338435351849, 0.009469234384596348, -0.016278667375445366, 0.08136167377233505, -0.05832809954881668, -0.07330314815044403, -0.1443270891904831, -0.020501837134361267, 0.04882695525884628, 0.08936893194913864, 0.05471480265259743, -0.03176334127783775, -0.04398953914642334, -0.058727920055389404, -0.05539150536060333, -0.0461316742002964, 0.03680458292365074, -0.002428005915135145, -0.05028605833649635, -0.013087180443108082, 0.01734069548547268, -0.010361172258853912, 0.02177976816892624, 0.055870916694402695, -0.07528715580701828, -0.002138277282938361, 0.08222930133342743, -0.018197499215602875, -0.03256266564130783, 0.0049987491220235825, -0.07810903340578079, -0.01844063401222229, -0.03657516837120056, -0.03307601436972618, 0.014817167073488235, 0.03874471038579941, -0.013560508377850056, -0.008011579513549805, 0.036235786974430084, -0.01530561875551939, 0.04610816389322281, -0.07189219444990158, -0.03911011293530464, -0.006607600953429937, -0.06098749488592148, 0.041517600417137146, -0.019030366092920303, -0.02868780307471752, 0.06469006091356277, 0.06995467841625214, -0.019196566194295883, 0.015725471079349518, -0.012919257394969463, 0.04518650844693184, 0.013846077024936676, -0.030225111171603203, 0.03562544658780098, -0.028347540646791458, 0.019212830811738968, 0.08745686709880829, 0.050127312541007996, 0.021651338785886765, -0.046078480780124664, 0.012270706705749035, 0.011085419915616512, 0.01674666441977024, 0.03966880217194557, 0.048373591154813766, -0.024424729868769646, 0.0641634464263916, -0.011885103769600391, 0.007560243830084801, 0.011153819970786572, -0.012195796705782413, 0.05307581275701523, 0.018211886286735535, 0.040267083793878555, -0.04505189508199692, -0.036247119307518005, 0.03665542975068092, -0.03145434707403183, -0.014966889284551144, 0.0017255322309210896, -0.07017069309949875, 0.031739380210638046, 0.011747227981686592, 0.0009602563222870231, 0.009549982845783234, 0.01636909320950508, 0.04067905247211456, -0.018459267914295197, 0.07617323845624924, 0.017227264121174812, -0.011304001323878765, -0.019799379631876945, -0.00791530404239893, -0.010951555334031582, 0.01562314573675394, -0.005283748265355825, 0.0016338421264663339, 0.03579758480191231, -0.018665872514247894, 0.025804540142416954, -0.03436136618256569, -0.03649797663092613, -0.007624287623912096, -0.042107220739126205, 0.028910787776112556, 0.0049237217754125595, -0.01843457855284214, -0.01999806985259056, -0.060805417597293854, -0.02956223487854004, 0.04850216582417488, 0.015014935284852982, 0.039926473051309586, 0.026295039802789688, 0.06449830532073975, -0.041228216141462326, -0.009919299744069576, -0.007296429481357336, -0.008710803464055061, -0.022857775911688805, -0.016003036871552467, -0.04222681745886803, -0.02198222652077675, 0.020702272653579712, 0.0326339527964592, 0.059177473187446594, 0.027288654819130898, -0.0177752748131752, 0.00040494283894076943, 0.10852224379777908, 0.015618075616657734, -0.02384285070002079, -0.009158609434962273, -0.01719379425048828, 0.063583143055439, -0.029486440122127533, -0.029200773686170578, 0.031360071152448654, -0.10139229148626328, 0.004994342569261789, -0.024361874908208847, 0.02381707914173603, 0.046542566269636154, -0.005123760085552931, 0.005741317290812731, 0.06353407353162766, -0.03744621202349663, -0.02373408153653145, -0.022003555670380592, 0.005665960256010294, -0.03856033459305763, 0.019709814339876175, -0.029350798577070236, 0.052414294332265854, -0.01506064087152481, 0.019279060885310173, 0.038695596158504486, -0.06769700348377228, -0.00842929258942604, 0.04983201250433922, 0.06896213442087173, 0.0069213006645441055, 0.01867527700960636, 0.036335255950689316, -0.008286683820188046, 0.014927921816706657, 0.03619764372706413, -0.016220521181821823, -0.03812326118350029, 0.05075683444738388, 0.05449344217777252, 0.03319338709115982, -0.038506947457790375, -0.06564938277006149, -0.06384231895208359, -0.01777387596666813, -0.036009956151247025, 0.041700106114149094, -0.008747715502977371, -0.06917025148868561, -0.024308083578944206, 0.05025545507669449, -0.06852250546216965, 0.03825961798429489, -0.04304170235991478, -0.0473487451672554, -0.0036507488694041967, 0.004633710253983736, 0.06838838011026382, -0.014995861798524857, 0.03360681235790253, -0.020657183602452278, -0.001611380255781114, -0.030459189787507057, -0.0036689890548586845, -0.01726326160132885, -0.013324123807251453, 0.018044743686914444, -0.04399280622601509, -0.07026156038045883, 0.03079027682542801, 0.010053545236587524, 0.0007958033820614219, 0.051585014909505844, -0.026837266981601715, 0.0266251303255558, 0.029713332653045654, -0.03281346708536148, 0.058688096702098846, 0.03818400949239731, -0.006523752585053444, -0.062120743095874786, -0.02997025102376938, 0.02812635898590088, -0.046842750161886215, -0.019765648990869522, 0.01496484037488699, -0.029583672061562538, -0.04900021106004715, 0.035675592720508575, 0.01247344072908163, -0.05913304165005684, -0.05256834626197815, -0.055625516921281815, -0.00416129594668746, 0.022924209013581276, 0.04438978433609009, -0.06331053376197815, -0.04717874899506569, -0.04136306047439575, -0.03356902673840523, -0.08372267335653305, -0.009157230146229267, 0.008946572430431843, -0.010545189492404461, -0.06420011073350906, 0.02544805407524109, -0.018866371363401413, 0.0019599704537540674, -0.01890786923468113, -0.032461199909448624, 0.03398071601986885, 0.10237345844507217, 0.03599611297249794, 0.01981416530907154, 0.03056470677256584, 0.011655685491859913, 0.05980988219380379, -0.026474973186850548, 0.04474128410220146, 0.006167168263345957, -0.012580446898937225, 0.015813123434782028, 0.047249771654605865, -0.051979295909404755, 0.0067537580616772175, -0.02509048581123352, 0.00035676718107424676, -0.000260101689491421, -0.009977219626307487, -0.03103223256766796, 0.05363590642809868, 0.007314735092222691, 0.022538714110851288, -0.037289369851350784, 0.006726789753884077, -0.039704613387584686, -0.042074304074048996, -0.011031418107450008, -0.02035641111433506, -0.009798561222851276, -0.07375375926494598, 0.04432797059416771, 0.0030789892189204693, -0.015355193987488747, 0.016754239797592163, 0.08835285902023315, -0.00723506323993206, 0.022833313792943954, 0.08389057219028473, -0.016782261431217194, 0.0037043916527181864, -0.018480418249964714, -0.03658377379179001, 0.034912895411252975, -0.00926025491207838, 0.09682727605104446, -0.04882647842168808, -0.033046189695596695, 0.016020869836211205, 0.0007672685896977782, -0.007768242619931698, 0.01874212734401226, 0.021878685802221298, 0.013222175650298595, 0.031632889062166214, 0.0015235112514346838, -0.02023898996412754, 0.004377870820462704, -0.018569465726614, -0.0029544371645897627, -0.02043965831398964, -0.017401473596692085, -0.023165538907051086, -0.06404005736112595, -0.017513280734419823, 0.05241141468286514, 0.016812583431601524, -0.014890298247337341, -0.018333930522203445, 0.03076045960187912, 0.007076661102473736, 0.04287055507302284, -0.0014104904839769006, 0.03395741060376167, 0.0683736577630043, 0.0024846973828971386, 0.061381760984659195, -0.01118595339357853, 0.01858077198266983, 0.09277979284524918, 0.019728032872080803, 0.01145300641655922, 0.025337325409054756, -0.025183314457535744, -0.03714873641729355, 0.016556110233068466, -0.021369576454162598, 0.013877099379897118, -0.06577463448047638, -0.041077643632888794, -0.04716344550251961, 0.018880221992731094, 0.028524598106741905, 0.026848357170820236, -0.028459586203098297, -0.0065144686959683895, -0.03925785794854164, 0.059348803013563156, 0.011310414411127567, 0.06446795910596848, -0.08091370761394501, -0.038715727627277374, -0.0251478124409914, 0.02785610966384411, -0.01850312016904354, -0.02384091541171074, 0.008953214623034, 0.011345376260578632, 0.025413159281015396, 0.0027991149108856916, -0.023643143475055695, -0.014115676283836365, -0.03000999428331852, -0.012382161803543568, -0.018881946802139282, 0.02651091292500496, -0.01873546652495861, 0.008481066673994064, -0.008350427262485027, 0.043607134371995926, -0.00876706000417471, -0.023266181349754333, -0.022975187748670578, 0.012431078590452671, -0.020831724628806114, -0.035811956971883774, -0.014283977448940277, 0.011538821272552013, -0.028540384024381638, 0.030863173305988312, -0.03725191205739975, -0.07211434096097946, -0.057779714465141296, 0.010867053642868996, -0.09724152833223343, 0.06050444394350052, -0.08235159516334534, -0.0016982032684609294, -0.06653860956430435, -0.025912199169397354, -0.040600962936878204, -0.00272866478189826, -0.02871396765112877, -0.018007710576057434, 0.019391143694519997, 0.005154028069227934, -0.019782477989792824, 0.0292603000998497, -0.0069233737885952, -0.005934631917625666, -0.08432634174823761, 0.03934723883867264, -0.01797598972916603, 0.05349205061793327, -0.041192952543497086, 0.061704929918050766, 0.05297816917300224, 0.030477454885840416, -0.05485335364937782, 0.011576649732887745, -0.0020077312365174294, -0.0014822673983871937, -0.01018978375941515, -0.07329626381397247, 0.04916629567742348, -0.06200364977121353, -0.02611801028251648, -0.019432594999670982, 0.007532348856329918, 0.037694890052080154, 0.01281951367855072, -0.028731560334563255, -0.038244616240262985, -0.006161559373140335, 0.05379091948270798, -0.03944799304008484, -0.010261538438498974, 0.0217631533741951, 0.009174460545182228, -0.022447576746344566, -0.01793042942881584, -0.007709645666182041, 0.0068114930763840675, -0.040283575654029846, 0.054894983768463135, 0.03965140879154205, -0.02841039001941681, -0.0031322301365435123, -0.02318498119711876, -0.019316311925649643, 0.036517903208732605, 0.11033247411251068, -0.03514280170202255, -0.04560091719031334, 0.004022899549454451, -0.014601677656173706, 0.02075940929353237, -0.02404794842004776, 0.006139201112091541, 0.006448193918913603, -0.0445239394903183, 0.015145975165069103, -0.011850379407405853, 0.009285303764045238, 0.035012394189834595, 0.02795998565852642, 0.007893658243119717, 0.02483772672712803, 0.015670668333768845, -0.060434695333242416, 0.002247680677101016, 0.04833238944411278, -0.07651004940271378, -0.037922292947769165, 0.05715591087937355, -0.01592165417969227, 0.016838520765304565, -0.025233572348952293, 0.059969667345285416, -0.011490696109831333, -0.015713276341557503, 0.03250572830438614, -0.01604447327554226, 0.005089874844998121, 0.005889123305678368, 0.04783111810684204, 0.011544500477612019, 0.01602342166006565, -0.01263037882745266, 0.021674705669283867, 0.004263054579496384, -0.020502537488937378, 0.012310927733778954, 0.010339218191802502, -0.09049810469150543, 0.032086364924907684, -0.009279116988182068, -0.0053048511035740376, -0.013106911443173885, -0.004311264492571354, -0.02978583611547947, 0.04423655569553375, -0.004168571438640356, -0.014118355698883533, -0.038453854620456696, 0.015386766754090786, -0.024896297603845596, 0.027056051418185234, -0.014730777591466904, -0.013631734997034073, 0.0011610122164711356, 0.040230169892311096, 0.03246557340025902, -0.02241750806570053, -0.022033045068383217, 0.03643237426877022, -0.025391967967152596, 0.008463689126074314, 0.03484353795647621, 0.04028735309839249, -0.013029729016125202, 0.037614163011312485, -0.021054169163107872, -0.031735584139823914, 0.0043692863546311855, -0.0517951101064682, 0.02853552997112274, 0.04217574745416641, -0.00951832253485918, 0.0034100718330591917, 0.016644660383462906, 0.012540007010102272, 0.011854682117700577, 0.017562108114361763, -0.0474865660071373, 0.015357439406216145, -0.05367377772927284, -0.042251236736774445, 0.03807030990719795, -0.045820899307727814, -0.04810420051217079, 0.01287999376654625, 0.0249421838670969, 0.009186857379972935, 0.019306203350424767, 0.018878446891903877, -0.018895834684371948, -0.01751735433936119, -0.034041933715343475, 0.04283317178487778, -0.036389417946338654, 0.041239362210035324, -0.017452601343393326, -0.007406823802739382, -0.0150640569627285, -0.004594426602125168, 0.018125249072909355, 0.021296421065926552, 0.0062227873131632805, 0.02946547418832779, -0.07446195185184479, -0.05642450973391533, -0.01938128098845482, 0.02905985154211521, 0.029992779716849327, -0.01761035993695259, 0.021429579704999924, 0.037629883736371994, 0.00885932520031929, -0.0366898775100708, 0.002824901370331645, 0.061565496027469635, 0.012542828917503357, 0.009484444744884968, -0.0002116000250680372, 0.05926218628883362, 0.06510737538337708, 0.018366802483797073, 0.07172764837741852, 0.021557100117206573, 0.010279988870024681, -0.059893783181905746, -0.020509302616119385, -0.008851820603013039, -0.01075238361954689, -0.007986779324710369, 0.017148414626717567, -0.08994920551776886, 0.017241448163986206, -0.008317944593727589, -0.007203498389571905, 0.003954394720494747, 0.05650222674012184, 0.002840182511135936, -0.0897790938615799, 0.01717419922351837, -0.005315286573022604, -0.048696715384721756, 0.024175822734832764, 0.013342974707484245, -0.02227594703435898, 0.011649904772639275, -0.003942800685763359, -0.05034743621945381, -0.0647788792848587, 0.04012799635529518, -0.020199386402964592, -0.06637493520975113, 0.03714917600154877, -0.02792302891612053, -0.03270403668284416, -0.03747359290719032, -0.002186892321333289, -0.06435999274253845, -0.06396061927080154, -0.019515104591846466, 0.03458557650446892, -0.07505525648593903, 0.06791046261787415, 0.029273727908730507, 0.023555798456072807, 0.05524572730064392, 0.038718950003385544, 0.027456989511847496, 0.015365307219326496, 0.016396712511777878, -1.4359442502609454e-05, -0.00953360740095377, -0.00783457700163126, 0.013278314843773842, 0.024081669747829437, -0.030672987923026085, -0.013202711008489132, 0.0222616009414196, -0.004655259195715189, -0.008964352309703827, -0.02864862233400345, 0.023018106818199158, -0.01720069721341133, -0.023940004408359528, -0.023056525737047195, 0.04112882912158966, -0.0013523349771276116, 0.007443543523550034, -0.05264655873179436, 0.03299102932214737, 0.04261678457260132, -0.048550087958574295, 0.014604100026190281, -0.0306636281311512, 0.008171656168997288, 0.01622479036450386, 0.004813917446881533, -0.031871385872364044, 0.024083944037556648, 0.029460713267326355, 0.05032310634851456, 0.05584196001291275, -0.06884880363941193, -0.02910689078271389, 0.022290971130132675, -0.0002594905090518296, -0.01113163586705923, -0.0011829001596197486, -0.030577989295125008, -0.04300140589475632, 0.04104999452829361, 0.0030076594557613134, 0.013803358189761639, -0.009061234071850777, -0.020349636673927307, -0.033564552664756775, 0.053450457751750946, -0.05222204327583313, 0.03052590601146221, -0.011205358430743217, -0.004699313547462225, 0.04180554673075676, -0.047182463109493256, 0.017718849703669548, 0.021809613332152367, -0.009717385284602642, 0.05846027284860611, -0.026365680620074272, 0.04239301756024361, -0.023769019171595573, -0.05678926035761833, 0.0026172935031354427, -0.016904830932617188, 0.04024140164256096, 0.02676772139966488, 0.0297032929956913, -0.05173714458942413, 0.003147872630506754, -0.03403811529278755, 0.034621983766555786, -0.036955319344997406, -0.05894952267408371, 0.00021628457761835307, 0.019931482151150703, 0.034467242658138275, 0.03349379450082779, -0.040272343903779984, -0.0028657608199864626, 0.011995047330856323, 0.00791340135037899, 0.053804125636816025, -0.015304289758205414, -0.038380857557058334, 0.008390900678932667, 0.011027606204152107, 0.052457548677921295, 0.03578141704201698, -0.020793089643120766, 0.006076434627175331]",0.6067256927490234
2,,120,180.0,content/clips/clip_2.mp4,content/frames/frame_2.png,"- A man with glasses and a gray shirt is standing in front of a blue and white background.
- The screen behind him shows the word ""Agents"" in blue letters.
- The screen then shows the words ""Reasoning, planning, memory"" in green, yellow, and blue letters, respectively.
- The screen then shows the words ""Think multiple steps ahead"" in yellow letters.
- The screen then shows the words ""Work across software and systems"" in orange letters.
- The screen then shows the words ""Under your supervision"" in gray letters.
- A man with glasses and a blue shirt is standing in front of a blue and white background.
- The screen behind him is black with the words ""Project Astra"" in white letters.
- The screen then shows the words ""A universal AI agent helpful in everyday life.""
- A person is holding a smartphone in their hands. The screen of the phone shows a video call with a person on the other end. The person on the other end of the call is asking a question about a piece of code.
- The person holding the phone asks the AI assistant on the other end of the call what a specific part of the code does.
- The AI assistant responds by explaining that the code defines encryption and decryption functions.
- The AI assistant further explains that the code seems to use AES-CBC encryption to encode and decode data based on a key and an initialization vector (IV).","the opportunities we see with AI agents I think about them as intelligent systems that show reasoning planning and memory or able to think multiple steps ahead work across software and systems all to get something done on your behalf and most importantly under your supervision Today we have some exciting new progress to share about the future of AI assistants that we're calling Project Astra For a long time we wanted to build a universal AI agent that can be truly helpful in everyday life Here's a video of our prototype which you'll see has two parts Each part was captured in a single take in real time What does that part of the code do This code defines encryption and decryption functions It seems to use AES-CBC encryption to encode and decode data based on a key and an initialization 
","The video features two people.

The first person is a man named Sundar Pichai. He has short, dark hair with a receding hairline, a short beard, and a mustache. He is wearing glasses and a dark gray button-down shirt. He is standing in front of a blue and white wall and appears to be giving a presentation. He is looking directly at the camera and speaking with a serious expression. His hands are clasped in front of him.

The second person is a man with short, dark hair, a short beard, and a goatee. He is wearing glasses and a navy blue sweater. He is also standing in front of a blue and white wall, looking directly at the camera, and speaking with a serious expression. His hands are moving as he speaks.

The video then cuts to a close-up shot of a person's hands holding a smartphone. The person is wearing a white long-sleeved shirt. The smartphone is displaying a video call with a person named Gemini. The background of the video call shows a desk with a laptop, a picture frame with a dog in it, an apple, and a plant. The person in the video call is out of frame, but their voice can be heard. The hands are interacting with the smartphone, moving the screen up and down. 
","The video starts with Sundar Pichai, CEO of Google, talking about AI agents. He describes them as intelligent systems that show reasoning, planning, and memory. He says they are able to think multiple steps ahead, work across software and systems, all to get something done on your behalf, and most importantly, under your supervision.

The next speaker is a bald man with glasses wearing a blue sweater. He announces exciting new progress about the future of AI assistants that they are calling Project Astra. He says they wanted to build a universal AI agent that can be truly helpful in everyday life. He introduces a video of their prototype, which has two parts, each part captured in a single take in real-time.

The video shows a person holding a smartphone in front of a computer screen displaying code. The person asks, ""What does that part of the code do?"" A moment later, a response appears on the screen, ""This code defines encryption and decryption functions."" The person asks another question, ""It seems to use AES-CBC encryption to encode and decode data based on a key and an initialization vector (IV)?""

Here are the details of the subjects in the video:

**Sundar Pichai:**
* **Appearance:** Wears a gray button-down shirt, glasses, and has short, dark hair and a beard.
* **Emotion:** Appears calm and confident.
* **Actions:** Stands still with his hands clasped in front of him while speaking.

**Second Speaker:**
* **Appearance:** Bald head, wearing glasses and a blue sweater. He also wears a watch on his left wrist.
* **Emotion:** Appears enthusiastic and passionate about the project.
* **Actions:** Uses hand gestures while speaking.

**Person in the Prototype Video:**
* **Appearance:** Only hands are visible, holding a smartphone.
* **Emotion:** Unknown.
* **Actions:** Holds the smartphone steady, points at the code on the screen, and presumably speaks the questions. 
",2,"[-0.0005373490275815129, -0.004592179320752621, -0.03606026619672775, -0.02752503752708435, 0.05012950301170349, 0.018405254930257797, 0.0209326334297657, -0.0024828591849654913, 0.020521176978945732, -0.011777983978390694, -0.0009507577051408589, 0.006038863677531481, -0.016404839232563972, 0.01301486324518919, 0.02152521163225174, -0.06225001811981201, 0.002154337475076318, 0.003934062086045742, -0.0021785662975162268, -0.028400111943483353, -0.006524397525936365, -0.01754671335220337, 0.021183548495173454, -0.06164411082863808, -0.04956711456179619, -0.03892303258180618, 0.059073131531476974, -0.06244304031133652, -0.019074101001024246, 0.019527271389961243, -0.03215395659208298, 0.041528455913066864, -0.06757510453462601, 0.003457579528912902, -0.02801106683909893, -0.07152528315782547, 0.03238378092646599, -0.0004863920621573925, 0.009262869134545326, -0.012597418390214443, 0.009579619392752647, -0.04226420819759369, -0.0009472040692344308, 0.009102066047489643, 0.027099566534161568, 0.015371602028608322, -0.04927339032292366, -0.006379949394613504, -0.010447269305586815, -0.03842351585626602, 0.02081427536904812, 0.08319318294525146, 0.05830564722418785, -0.005472580436617136, -0.033442940562963486, -0.002737424336373806, -0.005776500329375267, 0.014913440681993961, 0.041553154587745667, -0.0005716494633816183, -0.016891775652766228, -0.0014823984820395708, -0.07254244387149811, 0.03644103184342384, -0.062270745635032654, -0.07249202579259872, -0.006891947705298662, 0.03438425064086914, 0.03422762453556061, 0.02663271687924862, 0.028724534437060356, -0.033423759043216705, 0.07193144410848618, -0.040741000324487686, -0.09043143689632416, -0.09651555866003036, 0.031046785414218903, 0.03838501125574112, 0.041677527129650116, 0.041223347187042236, -0.017903879284858704, -0.034284576773643494, -0.051175035536289215, -0.03714609891176224, -0.05000567063689232, 0.03859489783644676, 0.00427209259942174, -0.04671221226453781, -0.049925416707992554, 0.04217420518398285, -0.009079307317733765, 0.010867749340832233, 0.01267506368458271, -0.09995721280574799, 0.003886506659910083, 0.02868848480284214, -0.015285219997167587, -0.06259522587060928, -0.024584507569670677, -0.10698236525058746, -0.02787676639854908, 0.006583470851182938, -0.038117509335279465, -0.0024985165800899267, 0.03003496676683426, 0.037356939166784286, 0.008649937808513641, 0.0794355571269989, 0.00973807368427515, 0.05516251549124718, -0.027277648448944092, -0.019619112834334373, -0.02848341502249241, -0.055672045797109604, 0.06873713433742523, -0.01799500547349453, 0.011327560991048813, 0.06462214142084122, 0.05458802729845047, -0.02627924643456936, -0.003402072237804532, -0.01787567511200905, 0.03634180128574371, 0.0574941411614418, -0.0037506751250475645, 0.04377341270446777, -0.019101299345493317, 0.03071627952158451, 0.07773705571889877, 0.015093492344021797, -0.001146203256212175, -0.04260664060711861, 0.01745634339749813, -0.01638396643102169, 0.023000892251729965, 0.0640973374247551, 0.0328957624733448, 0.02777150645852089, 0.07235615700483322, -0.01770520769059658, 0.010584970936179161, 0.03012075275182724, 0.0021931480150669813, 0.031808994710445404, 0.002359698060899973, 0.049686498939991, -0.061204422265291214, -0.013001369312405586, 0.043338365852832794, -0.03957047313451767, -0.0005203783512115479, -0.009970222599804401, -0.06008424237370491, 0.02573653683066368, 0.05558576434850693, 0.030866535380482674, -0.021509654819965363, 0.015264954417943954, 0.010362700559198856, 0.03986308351159096, 0.0641474574804306, 0.03263978287577629, -0.00890321284532547, 0.004947549197822809, 0.02958662435412407, -0.005482763983309269, 0.03475165367126465, 0.013112057000398636, -0.003311015432700515, -0.0031398467253893614, -0.015507828444242477, 0.030349981039762497, -0.058195214718580246, -0.0414356030523777, -0.010573739185929298, -0.07504408061504364, 0.014697127975523472, 0.016304830089211464, -0.022490762174129486, 0.010451783426105976, -0.032010581344366074, -0.04113020747900009, 0.03381748124957085, 0.0050730942748487, 0.04156286641955376, 0.02416928857564926, 0.07252377271652222, -0.06298097968101501, -0.039521872997283936, -0.047825105488300323, -0.04139329865574837, -0.0219760499894619, -0.015513730235397816, 0.005039082374423742, -0.023339856415987015, 0.027439648285508156, 0.025874152779579163, 0.026094332337379456, -0.0033551582600921392, -0.030934428796172142, 0.010578707791864872, 0.09197530895471573, 0.00829104520380497, -0.05794363096356392, 0.03945649415254593, -0.04901084303855896, 0.051752857863903046, -0.018418684601783752, -0.0017261382890865207, 0.06394067406654358, -0.05766336992383003, 0.020307723432779312, -0.043740320950746536, 0.038808535784482956, 0.014126935042440891, -0.005334713030606508, 0.022093724459409714, 0.07219061255455017, -0.009573728777468204, -0.020429644733667374, -0.0025925806257873774, -0.004882268141955137, -0.0015743649564683437, 0.02047894150018692, -0.0037767267785966396, 0.03492482751607895, -0.020743409171700478, 0.030157389119267464, 0.011341658420860767, -0.02148379758000374, -0.03961512818932533, 0.04908489063382149, 0.026972442865371704, -0.044980719685554504, 0.035387977957725525, 0.025199254974722862, 0.03652939200401306, 0.004486075136810541, -0.00023049578885547817, 0.007656683214008808, 0.009918189607560635, 0.03267038241028786, 0.02836662158370018, 0.02528001181781292, -0.010409102775156498, -0.010282691568136215, -0.011219535954296589, 0.011170857585966587, -0.016795972362160683, 0.03057066909968853, -0.028609558939933777, -0.05996638163924217, -0.010535753332078457, -0.009302642196416855, -0.024580856785178185, 0.04656282439827919, -0.04387381672859192, -0.00784438755363226, 0.018673889338970184, -0.003437947714701295, 0.0429028756916523, 0.030515270307660103, -0.00838173646479845, -0.04004409909248352, 0.010720603168010712, -0.016429094597697258, -0.017884813249111176, -0.04206272214651108, -0.005413365550339222, 0.022338097915053368, -0.04055384173989296, -0.06489045917987823, 0.036358874291181564, 0.009984947741031647, 0.031295910477638245, 0.08210613578557968, -0.02476651407778263, 0.03426748141646385, 0.01687408797442913, -0.05155859515070915, 0.040234655141830444, 0.06062067672610283, 0.02073322981595993, -0.051902033388614655, -0.023561231791973114, 0.0177889596670866, -0.009417987428605556, -0.007510171737521887, -0.009123223833739758, -0.03450372815132141, -0.016317686066031456, 0.05669999122619629, -0.02502773515880108, -0.055072665214538574, -0.03514087200164795, -0.022656839340925217, -0.02321886457502842, 0.020909488201141357, 0.03603583574295044, -0.04235408082604408, -0.003409996163100004, -0.044029731303453445, 0.0038922629319131374, -0.04218926280736923, 1.8570977772469632e-05, -0.01474053505808115, 0.014006486162543297, -0.02631593495607376, 0.03617949038743973, 0.031829360872507095, 0.047111738473176956, -0.037885092198848724, -0.01600443571805954, 0.026466380804777145, 0.057373058050870895, 0.0588618665933609, -0.007628376130014658, 0.022796889767050743, -0.015681611374020576, 0.06394326686859131, -0.014564360491931438, 0.061950091272592545, 0.030916964635252953, -0.0162650253623724, -0.025196969509124756, 0.05170692130923271, -0.01018479373306036, 0.019147004932165146, -0.0037689206656068563, 0.026158157736063004, -0.003315109759569168, -0.01591559872031212, -0.018949007615447044, 0.028863966464996338, 0.036961253732442856, 0.013948050327599049, -0.06233629956841469, 0.04299392178654671, -0.035407207906246185, -0.008051360957324505, 0.03685608133673668, 0.021584320813417435, -0.019424276426434517, -0.05383945256471634, 0.039485517889261246, 0.015814175829291344, -0.029383312910795212, 0.029662441462278366, 0.07158338278532028, 0.007293130271136761, 0.060415007174015045, 0.09995576739311218, -0.028644224628806114, -0.026500282809138298, -0.017930475994944572, -0.01519411988556385, 0.03990679234266281, -0.034869369119405746, 0.0772923156619072, -0.013049705885350704, -0.01407779473811388, 0.009796111844480038, -0.035935044288635254, -0.040479402989149094, 0.006767377723008394, 0.004270882811397314, -0.02564241550862789, 0.03388513624668121, 0.017766688019037247, 0.04002568498253822, 0.02626526542007923, -0.047072745859622955, 0.009057272225618362, -0.04241589084267616, -0.010355310514569283, -0.04106186702847481, -0.02285940945148468, -0.02205159328877926, 0.04877413436770439, 0.003648136043921113, -0.0565781407058239, -0.018942469730973244, 0.028302477672696114, 0.037067633122205734, 0.034683793783187866, -0.0055082933977246284, 0.048066552728414536, 0.013950156047940254, -0.011244944296777248, 0.04823770746588707, -0.017354698851704597, 0.009738239459693432, 0.09646952897310257, -0.006459957454353571, -0.003914954606443644, 0.004797776695340872, -0.003090100595727563, -0.009929393418133259, -0.023563455790281296, 0.027691597118973732, -0.014533737674355507, -0.048121124505996704, -0.01840582862496376, -0.029475945979356766, -0.006049757823348045, -0.006626071408390999, 0.019936174154281616, -0.030679777264595032, 0.012461945414543152, -0.024086304008960724, 0.03469592332839966, 0.016711043193936348, 0.03201134502887726, -0.09753989428281784, -0.05217580497264862, -0.019514722749590874, 0.03455239534378052, -0.01280088722705841, -0.03904460370540619, -0.020569412037730217, -0.007310816086828709, 0.005314668174833059, -0.023857684805989265, -0.00298892380669713, -0.009832823649048805, -0.03389063477516174, -0.03976111486554146, -0.03595256432890892, 0.03288921341300011, 0.00045854647760279477, 0.0250841174274683, -0.0053382874466478825, 0.03162160888314247, 0.011883571743965149, -0.0382789708673954, -0.025276580825448036, -0.0032313503324985504, 0.010274366475641727, -0.012030519545078278, -0.012656663544476032, 0.01903427392244339, -0.014997211284935474, 0.029117494821548462, -0.04376990348100662, -0.07830870151519775, -0.05085840821266174, -0.02367863804101944, -0.10263540595769882, 0.06231379136443138, -0.09868485480546951, 0.027895452454686165, -0.05431889370083809, -0.04908610135316849, -0.04269712418317795, -0.0039400276727974415, -0.02589842863380909, -0.010875078849494457, 0.035090889781713486, -0.004577761050313711, -0.00055736827198416, 0.03459012135863304, -0.06291604042053223, -0.035994887351989746, -0.06110826134681702, 0.018635883927345276, -0.0023835140746086836, 0.013392983004450798, 0.003407707903534174, 0.08101007342338562, 0.055165767669677734, -0.004339271690696478, -0.05273810774087906, 0.02008228935301304, 0.022827958688139915, -0.018188949674367905, -0.0018818862736225128, -0.0866207629442215, 0.0647764503955841, -0.03665870800614357, -0.032405100762844086, -0.03246599808335304, 0.021117817610502243, 0.012446559965610504, 0.015739215537905693, -0.033671680837869644, -0.020229991525411606, -9.410381608176976e-06, 0.05093122273683548, -0.013837508857250214, 0.01696181483566761, 0.05897381901741028, 0.04474317654967308, -0.005171618424355984, -0.05238058418035507, 0.011968858540058136, 0.015366990119218826, -0.026506852358579636, 0.04565497115254402, 0.04569839686155319, 0.00477749016135931, 0.0030065467581152916, -0.014911027625203133, -0.029635414481163025, -0.04153228923678398, 0.07351230084896088, -0.0632101520895958, -0.012843126431107521, 0.022909201681613922, -0.0046666450798511505, 0.014999018982052803, -0.02216569148004055, 0.0398734025657177, 0.028917746618390083, -0.04511836916208267, 0.02046480029821396, -0.021796192973852158, 0.02115400694310665, 0.019701635465025902, 0.02016259916126728, -0.004644548986107111, 0.04644373804330826, 0.010731133632361889, -0.11009059846401215, 0.028810882940888405, 0.050906386226415634, -0.06642654538154602, -0.041661471128463745, 0.052407752722501755, -0.016758091747760773, -0.008809953927993774, -0.004475152585655451, 0.05792892351746559, -0.060384929180145264, -0.02741999551653862, -0.00672666123136878, -0.03181441128253937, -0.004192420281469822, -0.01712034083902836, 0.022922683507204056, -0.0009863718878477812, 0.010348792187869549, -0.03796324133872986, 0.020154090598225594, -0.013662095181643963, -0.013724331744015217, 0.007528382819145918, 0.03990374132990837, -0.08864335715770721, 0.03389023244380951, -0.025593480095267296, 0.02760503813624382, 0.02819466032087803, 0.02298600971698761, -0.029267657548189163, 0.050223540514707565, -0.0016192446928471327, -0.05156235024333, 0.0007095591281540692, 0.016502967104315758, -0.005262571386992931, -0.008145729079842567, -0.023029642179608345, -0.01898805983364582, -0.024501487612724304, 0.04995587468147278, -0.009036155417561531, -0.01165689341723919, -0.031932149082422256, 0.01132180541753769, -0.03631274029612541, -0.042495738714933395, 0.01184817124158144, 0.023704757913947105, -0.008113186806440353, 0.03238404542207718, -0.035655904561281204, -0.019275827333331108, -0.014198049902915955, -0.04368835687637329, 0.0326838344335556, 0.039787232875823975, 0.020256057381629944, -0.03715173155069351, 0.055197279900312424, 0.019130133092403412, 0.02683895081281662, 0.028592821210622787, -0.010880508460104465, 0.023674486204981804, -0.01050247810781002, -0.03983344882726669, 0.042975302785634995, -0.06202506273984909, -0.019531192258000374, -0.00508740684017539, 0.06082086265087128, -0.007562403567135334, 0.03609279915690422, 0.023075317963957787, 0.008208692073822021, 0.027888642624020576, -0.04086676612496376, 0.07709415256977081, -0.06591890007257462, 0.05287528783082962, 0.004057508893311024, -0.003407682990655303, -0.04263383895158768, -0.019692199304699898, 0.03739827498793602, 0.010058097541332245, -0.00639572087675333, 0.026769408956170082, -0.04134092107415199, -0.04048668593168259, -0.03921417519450188, 0.031185345724225044, -0.004659585654735565, 0.006574987433850765, 0.018552422523498535, 0.012224812060594559, 0.018860038369894028, -0.04763682559132576, -0.0067139980383217335, 0.01698468066751957, -0.03196132555603981, -7.296517196664354e-06, 0.012900118716061115, 0.04533887654542923, 0.047424256801605225, -0.0023495655041188, 0.07198504358530045, 0.021702054888010025, 0.01759612187743187, -0.03560325503349304, 0.028205623850226402, -0.03963756188750267, 0.015842026099562645, 0.030003253370523453, 0.013076153583824635, -0.10227902233600616, 0.013014407828450203, 0.011434837244451046, 0.029083222150802612, 0.029883958399295807, 0.045486465096473694, -0.01780693046748638, -0.13103577494621277, -0.008184675127267838, 0.026196666061878204, -0.037724342197179794, 0.031415361911058426, 0.031554047018289566, -0.014307442121207714, 0.01510433480143547, -0.026400260627269745, -0.033761873841285706, -0.05160372704267502, 0.027923481538891792, -0.009799741208553314, -0.05437803268432617, 0.0045555043034255505, -0.037956804037094116, -0.024002376943826675, -0.03368323668837547, 0.0074899205937981606, -0.08108288049697876, -0.055599480867385864, -0.025491762906312943, 0.01284049917012453, -0.04196343943476677, 0.039769496768713, 0.0400153212249279, 0.030392000451683998, 0.07085572183132172, -0.023151766508817673, 0.003732839599251747, -0.004888179246336222, 0.03524341806769371, -0.003698138054460287, -0.01954427734017372, -0.01958172768354416, 0.020259074866771698, 0.01708204112946987, -0.015695542097091675, -0.007082839962095022, -0.018938247114419937, 0.006698084995150566, 0.009418444707989693, -0.026094315573573112, 0.01136539876461029, -0.0459798239171505, -0.03137815743684769, -0.006480381824076176, 0.04687188193202019, 0.0119420001283288, -0.0060569425113499165, -0.018435610458254814, 0.021519776433706284, 0.0563335083425045, -0.0071492851711809635, -0.02282692678272724, -0.04005027934908867, 0.025503644719719887, -0.0067472816444933414, -0.020543070510029793, -0.00043395214015617967, 0.03555642068386078, -0.00015406697639264166, 0.036638423800468445, 0.05624176561832428, -0.03951241075992584, -0.009821436367928982, 0.024349141865968704, 0.026733485981822014, -0.004339469131082296, 0.009450898505747318, -0.011584410443902016, -0.03570835292339325, 0.06601528823375702, 0.019115915521979332, 0.037601493299007416, 0.018894309177994728, -0.027729731053113937, -0.03943632170557976, 0.06655868142843246, -0.017320221289992332, 0.05262899398803711, 0.003921125549823046, -0.02863975055515766, 0.04144972935318947, -0.05846943333745003, 0.02174355275928974, 0.062299713492393494, -0.03606536611914635, 0.054735973477363586, -0.01555074192583561, 0.02164752036333084, -0.004053313285112381, -0.10134639590978622, -0.0060394033789634705, 0.013134811073541641, -0.008813274092972279, 0.03979098051786423, 0.021907374262809753, -0.04327351972460747, -0.001788702909834683, -0.010352029465138912, 0.012217579409480095, -0.042088478803634644, -0.030755329877138138, -0.01731839030981064, 0.03486252948641777, 0.058018021285533905, 0.060710567981004715, -0.05552409216761589, -0.0048673138953745365, 0.028092535212635994, 0.031043322756886482, 0.046082381159067154, -0.037182264029979706, -0.0017066249856725335, -0.011968174949288368, 0.02622242644429207, 0.05825214833021164, 0.037812504917383194, -0.042264118790626526, 0.03762836381793022]",0.6032390594482422
